<?xml version="1.0" encoding="UTF-8"?>
<!--
  ~ Copyright 2012 JBoss Inc
  ~
  ~ Licensed under the Apache License, Version 2.0 (the "License");
  ~ you may not use this file except in compliance with the License.
  ~ You may obtain a copy of the License at
  ~
  ~       http://www.apache.org/licenses/LICENSE-2.0
  ~
  ~ Unless required by applicable law or agreed to in writing, software
  ~ distributed under the License is distributed on an "AS IS" BASIS,
  ~ WITHOUT WARRANTIES OR CONDITIONS OF ANY KIND, either express or implied.
  ~ See the License for the specific language governing permissions and
  ~ limitations under the License.
  -->

<!DOCTYPE log4j:configuration SYSTEM "log4j.dtd">
<!-- ===================================================================== -->
<!--                                                                       -->
<!--  Log4j Configuration                                                  -->
<!--                                                                       -->
<!-- ===================================================================== -->
<!-- $Id: log4j.xml,v 1.8 2006/04/26 17:29:10 gavin Exp $ -->
<!--
   | For more configuration infromation and examples see the Jakarta Log4j
   | owebsite: http://jakarta.apache.org/log4j
 -->
<log4j:configuration xmlns:log4j="http://jakarta.apache.org/log4j/" debug="false">
  <appender name="CONSOLE" class="org.apache.log4j.ConsoleAppender">
    <param name="Target" value="System.out" />
    <layout class="org.apache.log4j.PatternLayout">
      <param name="ConversionPattern" value="%-5p %d{dd-MM HH:mm:ss,SSS} (%F:%M:%L) \t %m%n" />
    </layout>
  </appender>
  <logger name="org.drools">
    <level value="INFO" />
  </logger>
  <root>
    <priority value="ERROR" />
    <appender-ref ref="CONSOLE" />
  </root>
</log4j:configuration>
