<?xml version="1.0" encoding="UTF-8"?>
<!--
  ~ Copyright 2012 JBoss Inc
  ~
  ~ Licensed under the Apache License, Version 2.0 (the "License");
  ~ you may not use this file except in compliance with the License.
  ~ You may obtain a copy of the License at
  ~
  ~       http://www.apache.org/licenses/LICENSE-2.0
  ~
  ~ Unless required by applicable law or agreed to in writing, software
  ~ distributed under the License is distributed on an "AS IS" BASIS,
  ~ WITHOUT WARRANTIES OR CONDITIONS OF ANY KIND, either express or implied.
  ~ See the License for the specific language governing permissions and
  ~ limitations under the License.
  -->

<assembly xmlns="http://maven.apache.org/plugins/maven-assembly-plugin/assembly/1.1.2" xmlns:xsi="http://www.w3.org/2001/XMLSchema-instance"
          xsi:schemaLocation="http://maven.apache.org/plugins/maven-assembly-plugin/assembly/1.1.2 http://maven.apache.org/xsd/assembly-1.1.2.xsd">

  <id>jboss-as7.0</id>
  <formats>
    <format>war</format>
    <format>dir</format>
  </formats>

  <includeBaseDirectory>false</includeBaseDirectory>
  <fileSets>
    <fileSet>
      <directory>${project.basedir}/src/main/jbossas7</directory>
      <outputDirectory>.</outputDirectory>
    </fileSet>
  </fileSets>
  <dependencySets>
    <!-- Add ANT dependency excluded in WAR pom that runs on Hosted Mode -->
    <dependencySet>
      <includes>
        <include>org.apache.ant:ant:jar</include>
        <include>org.apache.ant:ant-launcher:jar</include>
      </includes>
      <unpack>false</unpack>
      <outputDirectory>WEB-INF/lib</outputDirectory>
    </dependencySet>
    <dependencySet>
      <includes>
        <include>org.jbpm:jbpm-console-ng-showcase-mod:war</include>
      </includes>
      <outputDirectory>.</outputDirectory>
      <unpack>true</unpack>
      <unpackOptions>
        <excludes>

          <exclude>WEB-INF/jetty-env.xml</exclude>
          <exclude>WEB-INF/web.xml</exclude>
          <!-- Dom4j on as 7.1.1 breaks the PU-->
          <exclude>WEB-INF/lib/dom4j*.jar</exclude>

          <exclude>WEB-INF/beans.xml</exclude>
          <exclude>WEB-INF/classes/META-INF/persistence.xml</exclude>
          <exclude>WEB-INF/classes/META-INF/services/org.uberfire.security.auth.AuthenticationSource</exclude>
          <exclude>WEB-INF/classes/META-INF/services/javax.enterprise.inject.spi.Extension</exclude>
          <exclude>WEB-INF/classes/users.properties</exclude>

          <!-- remove shared services with btm -->
          <exclude>WEB-INF/lib/jbpm-shared-services-*-btm.jar</exclude>
          <exclude>WEB-INF/lib/btm-*.jar</exclude>

          <!-- UF client related -->
          <exclude>WEB-INF/lib/uberfire-client-api-*.jar</exclude>
          <exclude>WEB-INF/lib/uberfire-widget-markdown-*.jar</exclude>
          <exclude>WEB-INF/lib/uberfire-widgets-core-client-*.jar</exclude>
          <exclude>WEB-INF/lib/uberfire-security-client-*.jar</exclude>
          <exclude>WEB-INF/lib/uberfire-workbench-*.jar</exclude>
          <exclude>WEB-INF/lib/uberfire-widgets-commons-*.jar</exclude>

          <!-- Guvnor client related -->
          <exclude>WEB-INF/lib/guvnor-inbox-client-*.jar</exclude>
          <exclude>WEB-INF/lib/guvnor-m2repo-editor-client-*.jar</exclude>

          <!-- Kie Workbench client related-->
          <exclude>WEB-INF/lib/kie-wb-common-ui-*.jar</exclude>
          <exclude>WEB-INF/lib/kie-wb-common-data-modeller-client-*.jar</exclude>
          <exclude>WEB-INF/lib/kie-wb-common-project-editor-client-*.jar</exclude>
          <exclude>WEB-INF/lib/kie-wb-common-project-explorer-client-*.jar</exclude>
          <exclude>WEB-INF/lib/kie-wb-common-project-imports-editor-*.jar</exclude>
          <exclude>WEB-INF/lib/kie-wb-common-search-screen-client-*.jar</exclude>
          <exclude>WEB-INF/lib/kie-wb-common-workingset-client-*.jar</exclude>
          <exclude>WEB-INF/lib/kie-wb-config-resource-widget-*.jar</exclude>
          <exclude>WEB-INF/lib/kie-wb-decorated-grid-widget-*.jar</exclude>
          <exclude>WEB-INF/lib/kie-wb-error-messages-widget-*.jar</exclude>
          <exclude>WEB-INF/lib/kie-wb-metadata-widget-*.jar</exclude>
          <exclude>WEB-INF/lib/kie-wb-view-source-widget-*.jar</exclude>

          <!-- Drools Workbench client related -->
          <exclude>WEB-INF/lib/drools-wb-categories-editor-client-*.jar</exclude>
          <exclude>WEB-INF/lib/drools-wb-default-editor-client-*.jar</exclude>
          <exclude>WEB-INF/lib/drools-wb-drl-text-editor-client-*.jar</exclude>
          <exclude>WEB-INF/lib/drools-wb-dsl-text-editor-client-*.jar</exclude>
          <exclude>WEB-INF/lib/drools-wb-dtable-xls-editor-client-*.jar</exclude>
          <exclude>WEB-INF/lib/drools-wb-enum-editor-client-*.jar</exclude>
          <exclude>WEB-INF/lib/drools-wb-factmodel-editor-client-*.jar</exclude>
          <exclude>WEB-INF/lib/drools-wb-globals-editor-client-*.jar</exclude>
          <exclude>WEB-INF/lib/drools-wb-guided-dtable-editor-client-*.jar</exclude>
          <exclude>WEB-INF/lib/drools-wb-guided-rule-editor-client-*.jar</exclude>
          <exclude>WEB-INF/lib/drools-wb-guided-scorecard-editor-client-*.jar</exclude>
          <exclude>WEB-INF/lib/drools-wb-guided-template-editor-client-*.jar</exclude>
          <exclude>WEB-INF/lib/drools-wb-scorecard-xls-editor-client-*.jar</exclude>
          <exclude>WEB-INF/lib/drools-wb-test-scenario-editor-client-*.jar</exclude>
          <exclude>WEB-INF/lib/drools-wb-workitems-editor-client-*.jar</exclude>

          <!-- GWT Client Related -->
          <exclude>WEB-INF/lib/gwt-bootstrap-*.jar</exclude>
          <exclude>WEB-INF/lib/gwt-user-*.jar</exclude>
          <exclude>WEB-INF/lib/guava-gwt-*.jar</exclude>
          <exclude>WEB-INF/lib/gwt-dnd-*.jar</exclude>
          <exclude>WEB-INF/lib/gchart-*.jar</exclude>

          <!-- General -->
          <exclude>WEB-INF/lib/*-sources.jar</exclude>
          <exclude>WEB-INF/lib/el-api-*.jar</exclude>
          <exclude>WEB-INF/lib/jboss-el-api_*.jar</exclude>
          <exclude>WEB-INF/lib/xml-apis-*.jar</exclude>

          <!-- Errai -->
          <exclude>WEB-INF/lib/errai-codegen-gwt-*.jar</exclude>
          <exclude>WEB-INF/lib/errai-cdi-jetty-*.jar</exclude>

          <!-- Jetty -->
          <exclude>WEB-INF/lib/jetty-*.jar</exclude>
          <exclude>WEB-INF/lib/mail-*.jar</exclude>
          <exclude>WEB-INF/lib/geronimo-spec-jta-*.jar</exclude>
          <exclude>WEB-INF/lib/servlet-api-*.jar</exclude>
          <exclude>WEB-INF/lib/jboss-servlet-api_*.jar</exclude>
          <exclude>WEB-INF/lib/jstl-*.jar</exclude>

          <exclude>WEB-INF/lib/jcip-annotations-*.jar</exclude>
          <exclude>WEB-INF/lib/cal10n-api-*.jar</exclude>
          <exclude>WEB-INF/lib/jsr250-api-*.jar</exclude>
          <exclude>WEB-INF/lib/weld-*.jar</exclude>
          <exclude>WEB-INF/lib/cdi-api*.jar</exclude>
          <exclude>WEB-INF/lib/javax*.jar</exclude>
          <exclude>WEB-INF/lib/jboss-interceptors-api_1-*.jar</exclude>
          <exclude>WEB-INF/lib/resteasy*.jar</exclude>
          <!-- Netty-->
          <exclude>WEB-INF/lib/netty-3*.jar</exclude>

          <!-- Form Modeler client related -->
          <exclude>WEB-INF/lib/jbpm-form-modeler-editor-client-*.jar</exclude>
          <exclude>WEB-INF/lib/jbpm-form-modeler-renderer-client-*.jar</exclude>
          <exclude>WEB-INF/lib/jbpm-form-modeler-*.war</exclude>

          <!-- jBPM console & other client related -->
          <exclude>WEB-INF/lib/jbpm-*-client-*.jar</exclude>

        </excludes>
      </unpackOptions>
      <useStrictFiltering>true</useStrictFiltering>
    </dependencySet>
  </dependencySets>

</assembly>
