<?xml version="1.0" encoding="utf-8"?>
<!DOCTYPE module PUBLIC "-//Google Inc.//DTD Google Web Toolkit 2.4.0//EN"
    "http://google-web-toolkit.googlecode.com/svn/tags/2.5.0/distro-source/core/src/gwt-module.dtd">
<module>
  <inherits name="com.google.gwt.xml.XML" />

  <inherits name="org.jboss.errai.ui.UI" />

  <!-- Uberfire dependencies -->
  <inherits name="org.uberfire.UberfireClientAll"/>
  <inherits name="org.uberfire.UberfireNSWEManager"/>

  <!-- Drools dependencies -->
  <inherits name="org.drools.workbench.models.datamodel.DroolsWorkbenchDataModelAPI"/>

  <!-- Guvnor dependencies -->
  <inherits name="org.guvnor.m2repo.GuvnorM2RepoEditorClient"/>
  <inherits name='org.guvnor.common.services.GuvnorServicesAPI'/>
  <inherits name="org.guvnor.common.services.project.GuvnorProjectAPI"/>
  <inherits name="org.guvnor.common.services.workingset.GuvnorWorkingsetAPI"/>
  <inherits name="org.guvnor.common.services.workingset.GuvnorWorkingsetClient"/>

  <!--Common Screens -->
  <inherits name="org.kie.workbench.common.screens.defaulteditor.DroolsWorkbenchDefaultEditorClient"/>
  <inherits name="org.kie.workbench.common.screens.explorer.KieWorkbenchProjectExplorerClient"/>
  <inherits name="org.kie.workbench.common.screens.projecteditor.KieWorkbenchCommonProjectEditorClient"/>
  <inherits name="org.kie.workbench.common.screens.projectimportsscreen.KieWorkbenchCommonProjectImportsScreenClient"/>
  <inherits name="org.kie.workbench.common.screens.datamodeller.KieWorkbenchDatamodellerClient"/>
  
  <inherits name="org.drools.workbench.screens.workitems.DroolsWorkbenchWorkItemsEditorClient"/>
  
  <!-- Common Services -->
  <inherits name="org.kie.workbench.common.widgets.KieWorkbenchWidgetsCommon"/>
  <inherits name='org.kie.workbench.common.services.security.KieWorkbenchCommonSecurity'/>
  <inherits name='org.kie.workbench.common.services.KieWorkbenchCommonServicesAPI'/>
  <inherits name='org.kie.workbench.common.services.datamodel.KieWorkbenchCommonDataModelAPI'/>

  <!-- STEP 3: WE ADD OUR GWT MODULES -->
  <inherits name="com.wordpress.marianbuenosayres.api.UberfireDemoAPI"/>
  <inherits name="com.wordpress.marianbuenosayres.demo.UberfireDemoClient"/>

  <!-- jbpm-wb -->
  <inherits name="org.jbpm.console.ng.bh.JbpmConsoleNGBPMHomeClient"/>
  <inherits name="org.jbpm.console.ng.ht.JbpmConsoleNGHumanTasksClient"/>
  <inherits name="org.jbpm.console.ng.ht.forms.JbpmConsoleNGHumanTasksFormsClient"/>
  <inherits name="org.jbpm.console.ng.ht.admin.JbpmConsoleNGHumanTasksAdminClient"/>
  <inherits name="org.jbpm.console.ng.pr.JbpmConsoleNGProcessRuntimeClient"/>
  <inherits name="org.jbpm.console.ng.bd.JbpmConsoleNGBusinessDomainClient"/>
  <inherits name="org.jbpm.console.ng.es.JbpmConsoleNGExecutorServiceClient"/>
  <inherits name="org.jbpm.console.ng.gc.JbpmConsoleNGGenericClient"/>
  
  <!-- designer -->
  <inherits name="org.jbpm.designer.jBPMDesignerAPI"/>
  <inherits name="org.jbpm.designer.jBPMDesignerClient"/>

  <!-- Form-Modelere -->
  <inherits name="org.jbpm.formModeler.editor.FormModelerEditorClient"/>
  <inherits name="org.jbpm.formModeler.renderer.FormRendererClient"/>

  <!-- Dashbuilder -->
   <inherits name="org.jbpm.dashboard.renderer.DashboardRendererApi"/>
   <inherits name="org.jbpm.dashboard.renderer.client.DashboardRendererClient"/>

  <!-- Specify the application specific style sheet. -->
  <stylesheet src='css/uberfire-showcase.css' />
  <stylesheet src='css/chome-override.css' />
  <stylesheet src='css/console.css' />

  <!-- Specify the paths for translatable code -->
  <source path='client' />
 
  <extend-property name="locale" values="de"/>
  <extend-property name="locale" values="es"/>
  <extend-property name="locale" values="fr"/>
  <extend-property name="locale" values="ja"/>
  <extend-property name="locale" values="pt_BR"/>
  <extend-property name="locale" values="zh_CN"/>
  

</module>
