<?xml version="1.0" encoding="UTF-8"?>
<web-app version="3.0" xmlns="http://java.sun.com/xml/ns/javaee"
         xmlns:xsi="http://www.w3.org/2001/XMLSchema-instance"
         xsi:schemaLocation="http://java.sun.com/xml/ns/javaee http://java.sun.com/xml/ns/javaee/web-app_3_0.xsd">

  <!-- disabled due to https://issues.jboss.org/browse/WFLY-986 -->
  <!--
  <distributable/>
  -->

  <servlet-mapping>
    <servlet-name>javax.ws.rs.core.Application</servlet-name>
    <url-pattern>/rest/*</url-pattern>
  </servlet-mapping>

  <filter>
    <filter-name>UberFire Security Filter</filter-name>
    <filter-class>org.uberfire.security.server.UberFireSecurityFilter</filter-class>
    <init-param>
      <param-name>org.uberfire.cookie.id</param-name>
      <param-value>jbpm.console</param-value>
    </init-param>
    <init-param>
      <param-name>org.uberfire.auth.scheme</param-name>
      <param-value>org.uberfire.security.server.auth.JACCAuthenticationScheme</param-value>
    </init-param>
  </filter>

  <filter-mapping>
    <filter-name>UberFire Security Filter</filter-name>
    <url-pattern>/rest/*</url-pattern>
  </filter-mapping>

  <servlet>
    <servlet-name>rest-api.jsp</servlet-name>
    <jsp-file>/rest-api.jsp</jsp-file>
  </servlet>
  <servlet-mapping>
    <servlet-name>rest-api.jsp</servlet-name>
    <url-pattern>/*</url-pattern>
  </servlet-mapping>


  <welcome-file-list>
    <welcome-file>rest-api.jsp</welcome-file>
  </welcome-file-list>


  <!-- security settings -->

  <security-constraint>
    <web-resource-collection>
      <web-resource-name>rest</web-resource-name>
      <url-pattern>/rest/*</url-pattern>
    </web-resource-collection>
    <auth-constraint>
      <role-name>jbpm-console-user</role-name>
    </auth-constraint>
  </security-constraint>

  <login-config>
    <auth-method>BASIC</auth-method>
  </login-config>

  <security-role>
    <role-name>jbpm-console-user</role-name>
  </security-role>

</web-app>
